date,macro_regime,spy_0945,spy_sma50,spy_sma200,screened_count,qualified_count,orders_placed,capital_committed,cancelled_cutoff,closed_moc,status,last_updated
2026-09-25,BULLISH,769.365,761.125,717.9836,500,28,28,9712.73,,,28_ORDERS_PLACED,19:15:57
2026-09-28,BULLISH,767.58,761.5346,718.42195,500,9,9,1084.6900000000023,9,4,CLOSED_MOC,16:01:05
2026-09-29,BULLISH,765.17,761.9787999999999,718.8342499999999,500,27,25,8034.540000000002,22,6,CLOSED_MOC,16:02:36
2026-09-30,BULLISH,766.32,762.4234,719.2182,500,33,29,7590.569999999998,27,13,CLOSED_MOC,16:01:35
2026-10-01,BULLISH,763.48,762.7071000000001,719.5841499999999,500,30,28,7972.280000000002,23,6,CLOSED_MOC,15:55:14
2026-10-02,BULLISH,771.63,763.0392999999999,719.9956500000001,279,31,1,9736.27,0,0,CLOSED_MOC,15:44:39
2026-10-05,BULLISH,770.61,763.6711,720.440325,279,15,1,9668.85,1,,EXPIRED,11:43:36
2026-10-06,BULLISH,778.63,764.3925,720.9208750000001,279,33,2,19199.42,2,1,CLOSED_MOC,15:44:00
2026-10-07,BULLISH,774.7,765.1975,721.4592250000001,279,8,2,18880.239999999998,,,2_ORDERS_PLACED,09:45:13
